Genre,URL
Art,https://www.goodreads.com/genres/art
Biography,https://www.goodreads.com/genres/biography
Business,https://www.goodreads.com/genres/business
Children's,https://www.goodreads.com/genres/children-s
Christian,https://www.goodreads.com/genres/christian
Classics,https://www.goodreads.com/genres/classics
Comics,https://www.goodreads.com/genres/comics
Cookbooks,https://www.goodreads.com/genres/cookbooks
Ebooks,https://www.goodreads.com/genres/ebooks
Fantasy,https://www.goodreads.com/genres/fantasy
Fiction,https://www.goodreads.com/genres/fiction
Graphic Novels,https://www.goodreads.com/genres/graphic-novels
Historical Fiction,https://www.goodreads.com/genres/historical-fiction
History,https://www.goodreads.com/genres/history
Horror,https://www.goodreads.com/genres/horror
Memoir,https://www.goodreads.com/genres/memoir
Music,https://www.goodreads.com/genres/music
Mystery,https://www.goodreads.com/genres/mystery
Nonfiction,https://www.goodreads.com/genres/non-fiction
Poetry,https://www.goodreads.com/genres/poetry
Psychology,https://www.goodreads.com/genres/psychology
Romance,https://www.goodreads.com/genres/romance
Science,https://www.goodreads.com/genres/science
Science Fiction,https://www.goodreads.com/genres/science-fiction
Self Help,https://www.goodreads.com/genres/self-help
Sports,https://www.goodreads.com/genres/sports
Thriller,https://www.goodreads.com/genres/thriller
Travel,https://www.goodreads.com/genres/travel
Young Adult,https://www.goodreads.com/genres/young-adult
Art,https://www.goodreads.com/genres/art
Biography,https://www.goodreads.com/genres/biography
Business,https://www.goodreads.com/genres/business
Children's,https://www.goodreads.com/genres/children-s
Christian,https://www.goodreads.com/genres/christian
Classics,https://www.goodreads.com/genres/classics
Comics,https://www.goodreads.com/genres/comics
Cookbooks,https://www.goodreads.com/genres/cookbooks
Ebooks,https://www.goodreads.com/genres/ebooks
Fantasy,https://www.goodreads.com/genres/fantasy
Fiction,https://www.goodreads.com/genres/fiction
Graphic Novels,https://www.goodreads.com/genres/graphic-novels
Historical Fiction,https://www.goodreads.com/genres/historical-fiction
History,https://www.goodreads.com/genres/history
Horror,https://www.goodreads.com/genres/horror
Memoir,https://www.goodreads.com/genres/memoir
Music,https://www.goodreads.com/genres/music
Mystery,https://www.goodreads.com/genres/mystery
Nonfiction,https://www.goodreads.com/genres/non-fiction
Poetry,https://www.goodreads.com/genres/poetry
Psychology,https://www.goodreads.com/genres/psychology
Romance,https://www.goodreads.com/genres/romance
Science,https://www.goodreads.com/genres/science
Science Fiction,https://www.goodreads.com/genres/science-fiction
Self Help,https://www.goodreads.com/genres/self-help
Sports,https://www.goodreads.com/genres/sports
Thriller,https://www.goodreads.com/genres/thriller
Travel,https://www.goodreads.com/genres/travel
Young Adult,https://www.goodreads.com/genres/young-adult
40k,https://www.goodreads.com/genres/40k
aapi,https://www.goodreads.com/genres/aapi
addiction,https://www.goodreads.com/genres/addiction
adolescence,https://www.goodreads.com/genres/adolescence
adult,https://www.goodreads.com/genres/adult
aeroplanes,https://www.goodreads.com/genres/aeroplanes
agatha-christie,https://www.goodreads.com/genres/agatha-christie
age-gap-romance,https://www.goodreads.com/genres/age-gap-romance
amish,https://www.goodreads.com/genres/amish
animals,https://www.goodreads.com/genres/animals
anthologies,https://www.goodreads.com/genres/anthologies
art-and-photography,https://www.goodreads.com/genres/art-and-photography
artificial-intelligence,https://www.goodreads.com/genres/artificial-intelligence
asian-american,https://www.goodreads.com/genres/asian-american
audiobook,https://www.goodreads.com/genres/audiobook
aviation,https://www.goodreads.com/genres/aviation
beach-reads,https://www.goodreads.com/genres/beach-reads
biblical,https://www.goodreads.com/genres/biblical
billionaire-romance,https://www.goodreads.com/genres/billionaire-romance
billionaires,https://www.goodreads.com/genres/billionaires
biographical-fiction,https://www.goodreads.com/genres/biographical-fiction
biography-memoir,https://www.goodreads.com/genres/biography-memoir
bird-watching,https://www.goodreads.com/genres/bird-watching
boating,https://www.goodreads.com/genres/boating
bodyguard-romance,https://www.goodreads.com/genres/bodyguard-romance
canon,https://www.goodreads.com/genres/canon
celebrity,https://www.goodreads.com/genres/celebrity
children-s-mystery,https://www.goodreads.com/genres/children-s-mystery
childrens-mystery,https://www.goodreads.com/genres/childrens-mystery
childrens-self-esteem,https://www.goodreads.com/genres/childrens-self-esteem
christian,https://www.goodreads.com/genres/christian
college-romance,https://www.goodreads.com/genres/college-romance
colouring-books,https://www.goodreads.com/genres/colouring-books
comics-manga,https://www.goodreads.com/genres/comics-manga
conservation,https://www.goodreads.com/genres/conservation
construction,https://www.goodreads.com/genres/construction
courtroom-drama,https://www.goodreads.com/genres/courtroom-drama
cowboy-romance,https://www.goodreads.com/genres/cowboy-romance
cozy,https://www.goodreads.com/genres/cozy
cozy-fantasy,https://www.goodreads.com/genres/cozy-fantasy
cozy-romance,https://www.goodreads.com/genres/cozy-romance
creative,https://www.goodreads.com/genres/creative
dark,https://www.goodreads.com/genres/dark
dark-academia,https://www.goodreads.com/genres/dark-academia
dark-comedy,https://www.goodreads.com/genres/dark-comedy
dark-humor,https://www.goodreads.com/genres/dark-humor
dark-romance,https://www.goodreads.com/genres/dark-romance
death,https://www.goodreads.com/genres/death
devotional,https://www.goodreads.com/genres/devotional
diary,https://www.goodreads.com/genres/diary
disability,https://www.goodreads.com/genres/disability
documentaries,https://www.goodreads.com/genres/documentaries
domestic,https://www.goodreads.com/genres/domestic
domestic-suspense,https://www.goodreads.com/genres/domestic-suspense
domestic-thriller,https://www.goodreads.com/genres/domestic-thriller
downton-abbey,https://www.goodreads.com/genres/downton-abbey
drugs,https://www.goodreads.com/genres/drugs
dual-timeline,https://www.goodreads.com/genres/dual-timeline
dyscalculia,https://www.goodreads.com/genres/dyscalculia
emergency-services,https://www.goodreads.com/genres/emergency-services
emotional,https://www.goodreads.com/genres/emotional
emotional-romance,https://www.goodreads.com/genres/emotional-romance
enemies-to-lovers,https://www.goodreads.com/genres/enemies-to-lovers
equality,https://www.goodreads.com/genres/equality
fake-dating,https://www.goodreads.com/genres/fake-dating
family-drama,https://www.goodreads.com/genres/family-drama
family-life,https://www.goodreads.com/genres/family-life
feminism,https://www.goodreads.com/genres/feminism
femme-femme,https://www.goodreads.com/genres/femme-femme
fiction,https://www.goodreads.com/genres/fiction
football,https://www.goodreads.com/genres/football
forced-proximity,https://www.goodreads.com/genres/forced-proximity
found-family,https://www.goodreads.com/genres/found-family
freight,https://www.goodreads.com/genres/freight
friendship,https://www.goodreads.com/genres/friendship
futurism,https://www.goodreads.com/genres/futurism
futuristic,https://www.goodreads.com/genres/futuristic
gaslamp-fantasy,https://www.goodreads.com/genres/gaslamp-fantasy
gender,https://www.goodreads.com/genres/gender
gender-and-sexuality,https://www.goodreads.com/genres/gender-and-sexuality
gettysburg-campaign,https://www.goodreads.com/genres/gettysburg-campaign
goodreads-choice-awards,https://www.goodreads.com/genres/goodreads-choice-awards
graphic-novels-comics,https://www.goodreads.com/genres/graphic-novels-comics
graphic-novels-comics-manga,https://www.goodreads.com/genres/graphic-novels-comics-manga
graphic-novels-manga,https://www.goodreads.com/genres/graphic-novels-manga
grief,https://www.goodreads.com/genres/grief
gritty,https://www.goodreads.com/genres/gritty
harry-potter,https://www.goodreads.com/genres/harry-potter
he-falls-first,https://www.goodreads.com/genres/he-falls-first
hero-romance,https://www.goodreads.com/genres/hero-romance
hispanic,https://www.goodreads.com/genres/hispanic
historical-drama,https://www.goodreads.com/genres/historical-drama
historical-literary-fiction,https://www.goodreads.com/genres/historical-literary-fiction
history-and-politics,https://www.goodreads.com/genres/history-and-politics
hockey-romance,https://www.goodreads.com/genres/hockey-romance
holiday,https://www.goodreads.com/genres/holiday
holohoax,https://www.goodreads.com/genres/holohoax
horror-thriller,https://www.goodreads.com/genres/horror-thriller
hugo-awards,https://www.goodreads.com/genres/hugo-awards
indigenous,https://www.goodreads.com/genres/indigenous
2,https://www.goodreads.com/genres/list?filter=top-level&page=2&utf8=%E2%9C%93
3,https://www.goodreads.com/genres/list?filter=top-level&page=3&utf8=%E2%9C%93
next »,https://www.goodreads.com/genres/list?filter=top-level&page=2&utf8=%E2%9C%93
Art,https://www.goodreads.com/genres/art
Biography,https://www.goodreads.com/genres/biography
Business,https://www.goodreads.com/genres/business
Children's,https://www.goodreads.com/genres/children-s
Christian,https://www.goodreads.com/genres/christian
Classics,https://www.goodreads.com/genres/classics
Comics,https://www.goodreads.com/genres/comics
Cookbooks,https://www.goodreads.com/genres/cookbooks
Ebooks,https://www.goodreads.com/genres/ebooks
Fantasy,https://www.goodreads.com/genres/fantasy
Fiction,https://www.goodreads.com/genres/fiction
Graphic Novels,https://www.goodreads.com/genres/graphic-novels
Historical Fiction,https://www.goodreads.com/genres/historical-fiction
History,https://www.goodreads.com/genres/history
Horror,https://www.goodreads.com/genres/horror
Memoir,https://www.goodreads.com/genres/memoir
Music,https://www.goodreads.com/genres/music
Mystery,https://www.goodreads.com/genres/mystery
Nonfiction,https://www.goodreads.com/genres/non-fiction
Poetry,https://www.goodreads.com/genres/poetry
Psychology,https://www.goodreads.com/genres/psychology
Romance,https://www.goodreads.com/genres/romance
Science,https://www.goodreads.com/genres/science
Science Fiction,https://www.goodreads.com/genres/science-fiction
Self Help,https://www.goodreads.com/genres/self-help
Sports,https://www.goodreads.com/genres/sports
Thriller,https://www.goodreads.com/genres/thriller
Travel,https://www.goodreads.com/genres/travel
Young Adult,https://www.goodreads.com/genres/young-adult
Art,https://www.goodreads.com/genres/art
Biography,https://www.goodreads.com/genres/biography
Business,https://www.goodreads.com/genres/business
Children's,https://www.goodreads.com/genres/children-s
Christian,https://www.goodreads.com/genres/christian
Classics,https://www.goodreads.com/genres/classics
Comics,https://www.goodreads.com/genres/comics
Cookbooks,https://www.goodreads.com/genres/cookbooks
Ebooks,https://www.goodreads.com/genres/ebooks
Fantasy,https://www.goodreads.com/genres/fantasy
Fiction,https://www.goodreads.com/genres/fiction
Graphic Novels,https://www.goodreads.com/genres/graphic-novels
Historical Fiction,https://www.goodreads.com/genres/historical-fiction
History,https://www.goodreads.com/genres/history
Horror,https://www.goodreads.com/genres/horror
Memoir,https://www.goodreads.com/genres/memoir
Music,https://www.goodreads.com/genres/music
Mystery,https://www.goodreads.com/genres/mystery
Nonfiction,https://www.goodreads.com/genres/non-fiction
Poetry,https://www.goodreads.com/genres/poetry
Psychology,https://www.goodreads.com/genres/psychology
Romance,https://www.goodreads.com/genres/romance
Science,https://www.goodreads.com/genres/science
Science Fiction,https://www.goodreads.com/genres/science-fiction
Self Help,https://www.goodreads.com/genres/self-help
Sports,https://www.goodreads.com/genres/sports
Thriller,https://www.goodreads.com/genres/thriller
Travel,https://www.goodreads.com/genres/travel
Young Adult,https://www.goodreads.com/genres/young-adult
investigative,https://www.goodreads.com/genres/investigative
jewellery,https://www.goodreads.com/genres/jewellery
jewish-question,https://www.goodreads.com/genres/jewish-question
justice,https://www.goodreads.com/genres/justice
kennedy-family,https://www.goodreads.com/genres/kennedy-family
lapidary,https://www.goodreads.com/genres/lapidary
latino,https://www.goodreads.com/genres/latino
latinx,https://www.goodreads.com/genres/latinx
lgbt,https://www.goodreads.com/genres/lgbt
lgbt-romance,https://www.goodreads.com/genres/lgbt-romance
literary-horror,https://www.goodreads.com/genres/literary-horror
live-action-roleplaying,https://www.goodreads.com/genres/live-action-roleplaying
love,https://www.goodreads.com/genres/love
mafia-romance,https://www.goodreads.com/genres/mafia-romance
mary-shelley,https://www.goodreads.com/genres/mary-shelley
medical,https://www.goodreads.com/genres/medical
meditation,https://www.goodreads.com/genres/meditation
middle-east,https://www.goodreads.com/genres/middle-east
mindfullness,https://www.goodreads.com/genres/mindfullness
monster-romance,https://www.goodreads.com/genres/monster-romance
morally-gray,https://www.goodreads.com/genres/morally-gray
morally-grey,https://www.goodreads.com/genres/morally-grey
moroccan,https://www.goodreads.com/genres/moroccan
museology,https://www.goodreads.com/genres/museology
mythical-creatures,https://www.goodreads.com/genres/mythical-creatures
narrative,https://www.goodreads.com/genres/narrative
native-american,https://www.goodreads.com/genres/native-american
native-americans,https://www.goodreads.com/genres/native-americans
nautical,https://www.goodreads.com/genres/nautical
new-york,https://www.goodreads.com/genres/new-york
non-fiction,https://www.goodreads.com/genres/non-fiction
novel-in-verse,https://www.goodreads.com/genres/novel-in-verse
novella,https://www.goodreads.com/genres/novella
occult,https://www.goodreads.com/genres/occult
outlander,https://www.goodreads.com/genres/outlander
outlander-series,https://www.goodreads.com/genres/outlander-series
paranormal-fiction,https://www.goodreads.com/genres/paranormal-fiction
paranormal-urban-fantasy,https://www.goodreads.com/genres/paranormal-urban-fantasy
pediatrics,https://www.goodreads.com/genres/pediatrics
percy-bysshe-shelley,https://www.goodreads.com/genres/percy-bysshe-shelley
percy-jackson,https://www.goodreads.com/genres/percy-jackson
planetary-science,https://www.goodreads.com/genres/planetary-science
poetry,https://www.goodreads.com/genres/poetry
police-romance,https://www.goodreads.com/genres/police-romance
political-journalism,https://www.goodreads.com/genres/political-journalism
political-thriller,https://www.goodreads.com/genres/political-thriller
polyamory,https://www.goodreads.com/genres/polyamory
pornography,https://www.goodreads.com/genres/pornography
prayer,https://www.goodreads.com/genres/prayer
preservation,https://www.goodreads.com/genres/preservation
productivity,https://www.goodreads.com/genres/productivity
psychological-drama,https://www.goodreads.com/genres/psychological-drama
psychological-suspense,https://www.goodreads.com/genres/psychological-suspense
queer-fantasy,https://www.goodreads.com/genres/queer-fantasy
queer-romance,https://www.goodreads.com/genres/queer-romance
race,https://www.goodreads.com/genres/race
relationships,https://www.goodreads.com/genres/relationships
renaissance,https://www.goodreads.com/genres/renaissance
renaissance-studies,https://www.goodreads.com/genres/renaissance-studies
rock-climbing,https://www.goodreads.com/genres/rock-climbing
roman,https://www.goodreads.com/genres/roman
romantic,https://www.goodreads.com/genres/romantic
romantic-comedy,https://www.goodreads.com/genres/romantic-comedy
romantic-mystery,https://www.goodreads.com/genres/romantic-mystery
royal-romance,https://www.goodreads.com/genres/royal-romance
satanism,https://www.goodreads.com/genres/satanism
satire,https://www.goodreads.com/genres/satire
science-fiction-fantasy,https://www.goodreads.com/genres/science-fiction-fantasy
science-nature,https://www.goodreads.com/genres/science-nature
scientific-historical-fiction,https://www.goodreads.com/genres/scientific-historical-fiction
second-chance,https://www.goodreads.com/genres/second-chance
second-chance-romance,https://www.goodreads.com/genres/second-chance-romance
self-esteem,https://www.goodreads.com/genres/self-esteem
self-reliance,https://www.goodreads.com/genres/self-reliance
sequential-art,https://www.goodreads.com/genres/sequential-art
serial-killer,https://www.goodreads.com/genres/serial-killer
sex-and-erotica,https://www.goodreads.com/genres/sex-and-erotica
sexuality,https://www.goodreads.com/genres/sexuality
shakespeare,https://www.goodreads.com/genres/shakespeare
singularity,https://www.goodreads.com/genres/singularity
sleuth,https://www.goodreads.com/genres/sleuth
slow-burn,https://www.goodreads.com/genres/slow-burn
slow-burn-romance,https://www.goodreads.com/genres/slow-burn-romance
small-town-romance,https://www.goodreads.com/genres/small-town-romance
smut,https://www.goodreads.com/genres/smut
soccer,https://www.goodreads.com/genres/soccer
social,https://www.goodreads.com/genres/social
solarpunk,https://www.goodreads.com/genres/solarpunk
space,https://www.goodreads.com/genres/space
spanish-literature,https://www.goodreads.com/genres/spanish-literature
spicy-romance,https://www.goodreads.com/genres/spicy-romance
spirituality,https://www.goodreads.com/genres/spirituality
steamy-romance,https://www.goodreads.com/genres/steamy-romance
stem,https://www.goodreads.com/genres/stem
strong-female,https://www.goodreads.com/genres/strong-female
strong-female-lead,https://www.goodreads.com/genres/strong-female-lead
summer,https://www.goodreads.com/genres/summer
summer-reads,https://www.goodreads.com/genres/summer-reads
summer-romance,https://www.goodreads.com/genres/summer-romance
sunshine-grumpy,https://www.goodreads.com/genres/sunshine-grumpy
« previous,https://www.goodreads.com/genres/list?filter=top-level&page=1&utf8=%E2%9C%93
1,https://www.goodreads.com/genres/list?filter=top-level&page=1&utf8=%E2%9C%93
3,https://www.goodreads.com/genres/list?filter=top-level&page=3&utf8=%E2%9C%93
next »,https://www.goodreads.com/genres/list?filter=top-level&page=3&utf8=%E2%9C%93
Art,https://www.goodreads.com/genres/art
Biography,https://www.goodreads.com/genres/biography
Business,https://www.goodreads.com/genres/business
Children's,https://www.goodreads.com/genres/children-s
Christian,https://www.goodreads.com/genres/christian
Classics,https://www.goodreads.com/genres/classics
Comics,https://www.goodreads.com/genres/comics
Cookbooks,https://www.goodreads.com/genres/cookbooks
Ebooks,https://www.goodreads.com/genres/ebooks
Fantasy,https://www.goodreads.com/genres/fantasy
Fiction,https://www.goodreads.com/genres/fiction
Graphic Novels,https://www.goodreads.com/genres/graphic-novels
Historical Fiction,https://www.goodreads.com/genres/historical-fiction
History,https://www.goodreads.com/genres/history
Horror,https://www.goodreads.com/genres/horror
Memoir,https://www.goodreads.com/genres/memoir
Music,https://www.goodreads.com/genres/music
Mystery,https://www.goodreads.com/genres/mystery
Nonfiction,https://www.goodreads.com/genres/non-fiction
Poetry,https://www.goodreads.com/genres/poetry
Psychology,https://www.goodreads.com/genres/psychology
Romance,https://www.goodreads.com/genres/romance
Science,https://www.goodreads.com/genres/science
Science Fiction,https://www.goodreads.com/genres/science-fiction
Self Help,https://www.goodreads.com/genres/self-help
Sports,https://www.goodreads.com/genres/sports
Thriller,https://www.goodreads.com/genres/thriller
Travel,https://www.goodreads.com/genres/travel
Young Adult,https://www.goodreads.com/genres/young-adult
Art,https://www.goodreads.com/genres/art
Biography,https://www.goodreads.com/genres/biography
Business,https://www.goodreads.com/genres/business
Children's,https://www.goodreads.com/genres/children-s
Christian,https://www.goodreads.com/genres/christian
Classics,https://www.goodreads.com/genres/classics
Comics,https://www.goodreads.com/genres/comics
Cookbooks,https://www.goodreads.com/genres/cookbooks
Ebooks,https://www.goodreads.com/genres/ebooks
Fantasy,https://www.goodreads.com/genres/fantasy
Fiction,https://www.goodreads.com/genres/fiction
Graphic Novels,https://www.goodreads.com/genres/graphic-novels
Historical Fiction,https://www.goodreads.com/genres/historical-fiction
History,https://www.goodreads.com/genres/history
Horror,https://www.goodreads.com/genres/horror
Memoir,https://www.goodreads.com/genres/memoir
Music,https://www.goodreads.com/genres/music
Mystery,https://www.goodreads.com/genres/mystery
Nonfiction,https://www.goodreads.com/genres/non-fiction
Poetry,https://www.goodreads.com/genres/poetry
Psychology,https://www.goodreads.com/genres/psychology
Romance,https://www.goodreads.com/genres/romance
Science,https://www.goodreads.com/genres/science
Science Fiction,https://www.goodreads.com/genres/science-fiction
Self Help,https://www.goodreads.com/genres/self-help
Sports,https://www.goodreads.com/genres/sports
Thriller,https://www.goodreads.com/genres/thriller
Travel,https://www.goodreads.com/genres/travel
Young Adult,https://www.goodreads.com/genres/young-adult
summer-reads,https://www.goodreads.com/genres/summer-reads
summer-romance,https://www.goodreads.com/genres/summer-romance
sunshine-grumpy,https://www.goodreads.com/genres/sunshine-grumpy
surprise-pregnancy,https://www.goodreads.com/genres/surprise-pregnancy
surreal,https://www.goodreads.com/genres/surreal
teaching,https://www.goodreads.com/genres/teaching
textbooks,https://www.goodreads.com/genres/textbooks
thanksgiving,https://www.goodreads.com/genres/thanksgiving
the-americas,https://www.goodreads.com/genres/the-americas
the-united-states-of-america,https://www.goodreads.com/genres/the-united-states-of-america
translated-fiction,https://www.goodreads.com/genres/translated-fiction
transport,https://www.goodreads.com/genres/transport
tsars,https://www.goodreads.com/genres/tsars
unfinished,https://www.goodreads.com/genres/unfinished
united-states,https://www.goodreads.com/genres/united-states
urban,https://www.goodreads.com/genres/urban
vacation-reads,https://www.goodreads.com/genres/vacation-reads
vampire-romance,https://www.goodreads.com/genres/vampire-romance
war,https://www.goodreads.com/genres/war
wholesome,https://www.goodreads.com/genres/wholesome
why-choose,https://www.goodreads.com/genres/why-choose
wildlife,https://www.goodreads.com/genres/wildlife
witchcraft,https://www.goodreads.com/genres/witchcraft
women-and-gender-studies,https://www.goodreads.com/genres/women-and-gender-studies
womens,https://www.goodreads.com/genres/womens
workplace-romance,https://www.goodreads.com/genres/workplace-romance
world-literature,https://www.goodreads.com/genres/world-literature
wwii-related-fiction,https://www.goodreads.com/genres/wwii-related-fiction
ya-horror,https://www.goodreads.com/genres/ya-horror
young-adult-horror,https://www.goodreads.com/genres/young-adult-horror
ᛋᛋ-books,https://www.goodreads.com/genres/%E1%9B%8B%E1%9B%8B-books
« previous,https://www.goodreads.com/genres/list?filter=top-level&page=2&utf8=%E2%9C%93
1,https://www.goodreads.com/genres/list?filter=top-level&page=1&utf8=%E2%9C%93
2,https://www.goodreads.com/genres/list?filter=top-level&page=2&utf8=%E2%9C%93
